{
	"format_version": "1.8.0",
	"animations": {
		"animation.player.cast_shot": {
			"loop": false,
			"animation_length": 1.0,
			"bones": {
				"root": {
					"position": {
						"0.0": [0, 0, 0],
						"0.1667": [0, -1.1, 0],
						"1.0": [0, -0.1, 0]
					}
				},
				"body": {
					"rotation": {
						"0.0": [0, 0, 0],
						"0.1667": [0, -7.5, 0],
						"0.4167": [0, -15, 0],
						"0.75": [0, -10, 0],
						"1.0": [0, -5, 0]
					},
					"position": {
						"0.0": [0, 0, 0],
						"1.0": [0, 0, 0]
					}
				},
				"head": {
					"rotation": {
						"0.0": [0, 0, 0],
						"0.1667": [-5, 0, 0],
						"0.4167": [-7.5, 0, 0],
						"0.75": [-5, 0, 0]
					}
				},
				"right_arm": {
					"rotation": {
						"0.0": [0, 0, 0],
						"0.1667": [-17.5, 0, 0],
						"0.4167": [-53.71433, 14.26008, 10.25103],
						"0.5833": [-68.71433, 14.26008, 10.25103],
						"0.75": [-46.21433, 14.26008, 10.25103],
						"1.0": [3.70675, -8.19307, 8.78828]
					}
				},
				"forearm_right": {
					"rotation": {
						"0.0": [0, 0, 0],
						"0.1667": [-20, 0, 0],
						"0.4167": [-55, 0, 0],
						"0.5833": [-17.5, 0, 0],
						"0.75": [-10, 0, 0],
						"1.0": [0, 0, 0]
					},
					"position": {
						"0.0": [0, 0, 0],
						"0.4167": [0, 1.7, 0.9],
						"0.5833": [0, 0.7, 0.1]
					}
				},
				"left_arm": {
					"rotation": {
						"0.0": [0, 0, 0],
						"0.1667": [-17.5, 0, 0]
					}
				},
				"forearm_left": {
					"rotation": {
						"0.0": [0, 0, 0],
						"0.1667": [-30, 0, 0],
						"0.4167": [-37.5, 0, 0],
						"0.75": [-42.5, 0, 0]
					},
					"position": {
						"0.0": [0, 0, 0],
						"0.1667": [0, 1, 0.25],
						"0.4167": [0, 1.15, 0.4]
					}
				},
				"right_leg": {
					"rotation": {
						"0.0": [0, 0, 0],
						"0.1667": [-20, 0, 0],
						"0.75": [-5, 0, 0],
						"1.0": [0, 0, 0]
					}
				},
				"lower_leg_right": {
					"rotation": {
						"0.0": [0, 0, 0],
						"0.1667": [22.5, 0, 0],
						"0.75": [0, 0, 0]
					},
					"position": {
						"0.0": [0, 0, 0],
						"0.1667": [0, 0.8, -0.2],
						"1.0": [0, 0, 0]
					}
				},
				"left_leg": {
					"rotation": {
						"0.0": [0, 0, 0],
						"0.1667": [17.64168, -7.15102, -2.26708],
						"0.4167": [25.79388, -16.66577, -5.41615],
						"0.75": [5.72467, -14.17838, -5.15592],
						"1.0": [0.47153, -1.97854, -1.42853]
					},
					"position": {
						"0.0": [0, 0, 0],
						"0.1667": [0, 0.5, 0],
						"1.0": [0, 0, 0.3]
					}
				},
				"lower_leg_left": {
					"rotation": {
						"0.0": [0, 0, 0],
						"0.1667": [17.5, 0, 0],
						"0.75": [25, 0, 0],
						"1.0": [0, 0, 2.5]
					},
					"position": {
						"0.0": [0, 0, 0],
						"0.1667": [0, 0.6, -0.1],
						"1.0": [0, 0, 0]
					}
				},
				"foot_left": {
					"rotation": {
						"0.0": [0, 0, 0],
						"0.4167": [25, 0, 0],
						"1.0": [0, 0, 0]
					}
				}
			}
		}
	}
}